SampleID,Sample_Name,Proteomic_Data,Metabolomic_Data,Plate,Primer,Plate_Barcode,Total_ASVs,Category,Environment_vs_Host,Wild_vs_Captive,WT_Location,WT_Time,Variation_By_Host,Animal_Tissues,Venom_Compartments,invivo_Treatment,Gland_Sites,Latitude,Longitude
SUH479,High_venom_-_triplicate_(#10)_b,,,Venomic_2,16S_V4,GTCACGACACA,3551.5,Control_Venom,Control_Venom,,,,NA,,,,,NA,NA
SUH391,High_venom_-_triplicate_(#10)_b,,,Venomic_2,18S,TCCACAGGAGT,3342,Control_Venom,Control_Venom,,,,NA,,,,,NA,NA
SUH481,High_water_-_triplicate_(#98)_b,,,Venomic_2,16S_V4,ACGATCGCTAG,27730,Control_Seawater1,Seawater,,SD,2017_Summer,NA,,,,,NA,NA
SUH393,High_water_-_triplicate_(#98)_b,,,Venomic_2,18S,CGGACGTTCAT,142735.5,Control_Seawater1,Seawater,,SD,2017_Summer,NA,,,,,NA,NA
SUH482,High_water_-_triplicate_(#98)_c,,,Venomic_2,16S_V4,AGATGTAGCTC,75761,Control_Seawater1,Seawater,,SD,2017_Summer,NA,,,,,NA,NA
SUH394,High_water_-_triplicate_(#98)_c,,,Venomic_2,18S,CTCTAAGCATG,180673,Control_Seawater1,Seawater,,SD,2017_Summer,NA,,,,,NA,NA
SUH248,Monterey_SU_17_Gland_2,Yes,No,Venomic_1,16S_V4,GATACGCTACA,24727.5,Venom,Venom,,MB,2017_Summer,NA,,,,MB,36.61,-121.89
SUH156,Monterey_SU_17_Gland_2,Yes,No,Venomic_1,18S,GTCCAGTAATG,198870,Venom,Venom,,MB,2017_Summer,NA,,,,MB,36.61,-121.89
SUH249,Monterey_SU_17_Gland_3,Yes,No,Venomic_1,16S_V4,GATGACACAGT,10133,Venom,Venom,,MB,2017_Summer,NA,,,,MB,36.61,-121.89
SUH157,Monterey_SU_17_Gland_3,Yes,No,Venomic_1,18S,ACGACGTCTTA,197851,Venom,Venom,,MB,2017_Summer,NA,,,,MB,36.61,-121.89
SUH251,Monterey_SU_17_Gland_5,Yes,No,Venomic_1,16S_V4,TATACGCAGCG,19567.5,Venom,Venom,,MB,2017_Summer,NA,,,,MB,36.61,-121.89
SUH159,Monterey_SU_17_Gland_5,Yes,No,Venomic_1,18S,TAGTCAGGCCA,9999,Venom,Venom,,MB,2017_Summer,NA,,,,MB,36.61,-121.89
SUH420,Monterey_SU_17_Water_1,,,Venomic_2,16S_V4,GACGACGCATC,17453,Seawater,Seawater,,MB,2017_Summer,NA,,,,,NA,NA
SUH332,Monterey_SU_17_Water_1,,,Venomic_2,18S,GATAGTGCCAC,3534,Seawater,Seawater,,MB,2017_Summer,NA,,,,,NA,NA
SUH422,Monterey_SU_17_Water_3,,,Venomic_2,16S_V4,GCTCACAGCTA,34807.5,Seawater,Seawater,,MB,2017_Summer,NA,,,,,NA,NA
SUH334,Monterey_SU_17_Water_3,,,Venomic_2,18S,GAATCTTCGAG,2526,Seawater,Seawater,,MB,2017_Summer,NA,,,,,NA,NA
SUH216,MX_0_5_km_SU_16_Gland_1,Yes,No,Venomic_1,16S_V4,GCTACGTGCAC,2158.5,Venom,Venom,,PN_Minor,2016_Summer,NA,,,,PN_Minor,32.25,-116.95
SUH125,MX_0_5_km_SU_16_Gland_1,Yes,No,Venomic_1,18S,GTACGAATCCT,27796,Venom,Venom,,PN_Minor,2016_Summer,NA,,,,PN_Minor,32.25,-116.95
SUH217,MX_0_5_km_SU_16_Gland_2,Yes,No,Venomic_1,16S_V4,CTAGTCGACGA,33217,Venom,Venom,,PN_Minor,2016_Summer,NA,,,,PN_Minor,32.25,-116.95
SUH126,MX_0_5_km_SU_16_Gland_2,Yes,No,Venomic_1,18S,CTCAGTATGCA,1221,Venom,Venom,,PN_Minor,2016_Summer,NA,,,,PN_Minor,32.25,-116.95
SUH218,MX_0_5_km_SU_16_Gland_3,Yes,No,Venomic_1,16S_V4,CAGATCTGACA,33702.5,Venom,Venom,,PN_Minor,2016_Summer,NA,,,,PN_Minor,32.25,-116.95
SUH127,MX_0_5_km_SU_16_Gland_3,Yes,No,Venomic_1,18S,GGTTGCACAAT,3844,Venom,Venom,,PN_Minor,2016_Summer,NA,,,,PN_Minor,32.25,-116.95
SUH220,MX_0_5_km_SU_16_Gland_5,Yes,No,Venomic_1,16S_V4,CTAGACTGATG,24744.5,Venom,Venom,,PN_Minor,2016_Summer,NA,,,,PN_Minor,32.25,-116.95
SUH129,MX_0_5_km_SU_16_Gland_5,Yes,No,Venomic_1,18S,CGATGTCGTCA,1582,Venom,Venom,,PN_Minor,2016_Summer,NA,,,,PN_Minor,32.25,-116.95
SUH221,MX_0_5_km_SU_17_Gland_1,Yes,No,Venomic_1,16S_V4,TAGCGTACTCT,17359,Venom,Venom,,PN_Minor,2017_Summer,NA,,,,PN_Minor,32.25,-116.95
SUH130,MX_0_5_km_SU_17_Gland_1,Yes,No,Venomic_1,18S,CAATTGTGCAC,2777,Venom,Venom,,PN_Minor,2017_Summer,NA,,,,PN_Minor,32.25,-116.95
SUH222,MX_0_5_km_SU_17_Gland_2,Yes,No,Venomic_1,16S_V4,CACAGACTATG,27726.5,Venom,Venom,,PN_Minor,2017_Summer,NA,,,,PN_Minor,32.25,-116.95
SUH131,MX_0_5_km_SU_17_Gland_2,Yes,No,Venomic_1,18S,CACATTGTGAG,16207,Venom,Venom,,PN_Minor,2017_Summer,NA,,,,PN_Minor,32.25,-116.95
SUH223,MX_0_5_km_SU_17_Gland_3,Yes,No,Venomic_1,16S_V4,TAGTCGATACG,8902,Venom,Venom,,PN_Minor,2017_Summer,NA,,,,PN_Minor,32.25,-116.95
SUH132,MX_0_5_km_SU_17_Gland_3,Yes,No,Venomic_1,18S,CGGTACTTGCA,6077,Venom,Venom,,PN_Minor,2017_Summer,NA,,,,PN_Minor,32.25,-116.95
SUH224,MX_0_5_km_SU_17_Gland_4,Yes,No,Venomic_1,16S_V4,CGCATGATCAG,22946,Venom,Venom,,PN_Minor,2017_Summer,NA,,,,PN_Minor,32.25,-116.95
SUH133,MX_0_5_km_SU_17_Gland_4,Yes,No,Venomic_1,18S,TCGCTGTAACA,1429,Venom,Venom,,PN_Minor,2017_Summer,NA,,,,PN_Minor,32.25,-116.95
SUH225,MX_0_5_km_SU_17_Gland_5,Yes,No,Venomic_1,16S_V4,TACATAGTCGC,17342,Venom,Venom,,PN_Minor,2017_Summer,NA,,,,PN_Minor,32.25,-116.95
SUH134,MX_0_5_km_SU_17_Gland_5,Yes,No,Venomic_1,18S,CTTGTAGGACC,1356,Venom,Venom,,PN_Minor,2017_Summer,NA,,,,PN_Minor,32.25,-116.95
SUH226,MX_0_5_km_WI_16_1_Gland_1,Yes,No,Venomic_1,16S_V4,GCACGTATAGC,4732,Venom,Venom,,PN_Minor,2016_Winter_Day1,NA,,,,PN_Minor,32.25,-116.95
SUH135,MX_0_5_km_WI_16_1_Gland_1,Yes,No,Venomic_1,18S,TACAGATGGCT,3026,Venom,Venom,,PN_Minor,2016_Winter_Day1,NA,,,,PN_Minor,32.25,-116.95
SUH227,MX_0_5_km_WI_16_1_Gland_2,Yes,No,Venomic_1,16S_V4,CGCGCAGTGTA,3237.5,Venom,Venom,,PN_Minor,2016_Winter_Day1,NA,,,,PN_Minor,32.25,-116.95
SUH136,MX_0_5_km_WI_16_1_Gland_2,Yes,No,Venomic_1,18S,CACGTGACATG,28834,Venom,Venom,,PN_Minor,2016_Winter_Day1,NA,,,,PN_Minor,32.25,-116.95
SUH228,MX_0_5_km_WI_16_1_Gland_3,Yes,No,Venomic_1,16S_V4,CGCACATCAGA,21054,Venom,Venom,,PN_Minor,2016_Winter_Day1,NA,,,,PN_Minor,32.25,-116.95
SUH137,MX_0_5_km_WI_16_1_Gland_3,Yes,No,Venomic_1,18S,TGCGCGAATAC,15868,Venom,Venom,,PN_Minor,2016_Winter_Day1,NA,,,,PN_Minor,32.25,-116.95
SUH229,MX_0_5_km_WI_16_1_Gland_4,Yes,No,Venomic_1,16S_V4,GTCACGACACA,52087.5,Venom,Venom,,PN_Minor,2016_Winter_Day1,NA,,,,PN_Minor,32.25,-116.95
SUH138,MX_0_5_km_WI_16_1_Gland_4,Yes,No,Venomic_1,18S,TCCACAGGAGT,8343,Venom,Venom,,PN_Minor,2016_Winter_Day1,NA,,,,PN_Minor,32.25,-116.95
SUH230,MX_0_5_km_WI_16_1_Gland_5,Yes,No,Venomic_1,16S_V4,AGAGCATATCT,7344.5,Venom,Venom,,PN_Minor,2016_Winter_Day1,NA,,,,PN_Minor,32.25,-116.95
SUH139,MX_0_5_km_WI_16_1_Gland_5,Yes,No,Venomic_1,18S,ACATCTTGACG,35304,Venom,Venom,,PN_Minor,2016_Winter_Day1,NA,,,,PN_Minor,32.25,-116.95
SUH231,MX_0_5_km_WI_16_2_Gland_1,Yes,No,Venomic_1,16S_V4,ACGATCGCTAG,74101,Venom,Venom,,PN_Minor,2016_Winter_Day2,NA,,,,PN_Minor,32.25,-116.95
SUH140,MX_0_5_km_WI_16_2_Gland_1,Yes,No,Venomic_1,18S,CGGACGTTCAT,161409,Venom,Venom,,PN_Minor,2016_Winter_Day2,NA,,,,PN_Minor,32.25,-116.95
SUH232,MX_0_5_km_WI_16_2_Gland_2,Yes,No,Venomic_1,16S_V4,AGATGTAGCTC,52403,Venom,Venom,,PN_Minor,2016_Winter_Day2,NA,,,,PN_Minor,32.25,-116.95
SUH141,MX_0_5_km_WI_16_2_Gland_2,Yes,No,Venomic_1,18S,CTCTAAGCATG,38726,Venom,Venom,,PN_Minor,2016_Winter_Day2,NA,,,,PN_Minor,32.25,-116.95
SUH233,MX_0_5_km_WI_16_2_Gland_3,Yes,No,Venomic_1,16S_V4,GCGACTCGAGC,25373,Venom,Venom,,PN_Minor,2016_Winter_Day2,NA,,,,PN_Minor,32.25,-116.95
SUH142,MX_0_5_km_WI_16_2_Gland_3,Yes,No,Venomic_1,18S,TTCATACGGAC,336846,Venom,Venom,,PN_Minor,2016_Winter_Day2,NA,,,,PN_Minor,32.25,-116.95
SUH234,MX_0_5_km_WI_16_2_Gland_4,Yes,No,Venomic_1,16S_V4,CGCATGTAGTA,16873,Venom,Venom,,PN_Minor,2016_Winter_Day2,NA,,,,PN_Minor,32.25,-116.95
SUH143,MX_0_5_km_WI_16_2_Gland_4,Yes,No,Venomic_1,18S,CTTCGGCAGAA,238463,Venom,Venom,,PN_Minor,2016_Winter_Day2,NA,,,,PN_Minor,32.25,-116.95
SUH235,MX_0_5_km_WI_16_2_Gland_5,Yes,No,Venomic_1,16S_V4,AGTATCAGTCA,30413.5,Venom,Venom,,PN_Minor,2016_Winter_Day2,NA,,,,PN_Minor,32.25,-116.95
SUH144,MX_0_5_km_WI_16_2_Gland_5,Yes,No,Venomic_1,18S,CGTATCTGCGA,1432.5,Venom,Venom,,PN_Minor,2016_Winter_Day2,NA,,,,PN_Minor,32.25,-116.95
SUH237,MX_0_km_SU_17_Gland_1,Yes,No,Venomic_1,16S_V4,CATGAGAGACG,57910,Venom,Venom,,PN_Sheltered,2017_Summer,NA,,,,PN_Sheltered,32.25,-116.95
SUH145,MX_0_km_SU_17_Gland_1,Yes,No,Venomic_1,18S,CAGCTTACTAG,3115,Venom,Venom,,PN_Sheltered,2017_Summer,NA,,,,PN_Sheltered,32.25,-116.95
SUH238,MX_0_km_SU_17_Gland_2,Yes,No,Venomic_1,16S_V4,GATCAGTACAG,47069.5,Venom,Venom,,PN_Sheltered,2017_Summer,NA,,,,PN_Sheltered,32.25,-116.95
SUH146,MX_0_km_SU_17_Gland_2,Yes,No,Venomic_1,18S,CCAGATGATCG,2427,Venom,Venom,,PN_Sheltered,2017_Summer,NA,,,,PN_Sheltered,32.25,-116.95
SUH239,MX_0_km_SU_17_Gland_3,Yes,No,Venomic_1,16S_V4,ATGTAGTGCGC,35895,Venom,Venom,,PN_Sheltered,2017_Summer,NA,,,,PN_Sheltered,32.25,-116.95
SUH147,MX_0_km_SU_17_Gland_3,Yes,No,Venomic_1,18S,ACTGTACGCGT,15568,Venom,Venom,,PN_Sheltered,2017_Summer,NA,,,,PN_Sheltered,32.25,-116.95
SUH241,MX_0_km_SU_17_Gland_5,Yes,No,Venomic_1,16S_V4,CACTGTATAGA,34686,Venom,Venom,,PN_Sheltered,2017_Summer,NA,,,,PN_Sheltered,32.25,-116.95
SUH149,MX_0_km_SU_17_Gland_5,Yes,No,Venomic_1,18S,AGCGATGCCTT,48149,Venom,Venom,,PN_Sheltered,2017_Summer,NA,,,,PN_Sheltered,32.25,-116.95
SUH430,MX_0_km_SU_17_Water_2,,,Venomic_2,16S_V4,TCGCGCTACTA,42887.5,Seawater,Seawater,,PN_Sheltered,2017_Summer,NA,,,,,NA,NA
SUH342,MX_0_km_SU_17_Water_2,,,Venomic_2,18S,GTAGCAACGTC,49660.5,Seawater,Seawater,,PN_Sheltered,2017_Summer,NA,,,,,NA,NA
SUH431,MX_0_km_SU_17_Water_3,,,Venomic_2,16S_V4,TGACAGCTGCA,72226.5,Seawater,Seawater,,PN_Sheltered,2017_Summer,NA,,,,,NA,NA
SUH343,MX_0_km_SU_17_Water_3,,,Venomic_2,18S,GCCTTAAGCGA,102758.5,Seawater,Seawater,,PN_Sheltered,2017_Summer,NA,,,,,NA,NA
SUH426,MX_0.5_km_SU_16_Water_1,,,Venomic_2,16S_V4,ACATATACGCG,32898,Seawater,Seawater,,PN_Minor,2016_Summer,NA,,,,,NA,NA
SUH338,MX_0.5_km_SU_16_Water_1,,,Venomic_2,18S,CTAGTCAGCTG,230743.5,Seawater,Seawater,,PN_Minor,2016_Summer,NA,,,,,NA,NA
SUH427,MX_0.5_km_SU_16_Water_2,,,Venomic_2,16S_V4,ACGACGTAGAG,47730,Seawater,Seawater,,PN_Minor,2016_Summer,NA,,,,,NA,NA
SUH339,MX_0.5_km_SU_16_Water_2,,,Venomic_2,18S,GTCCGCTGAAT,165110,Seawater,Seawater,,PN_Minor,2016_Summer,NA,,,,,NA,NA
SUH428,MX_0.5_km_SU_16_Water_3,,,Venomic_2,16S_V4,CAGTCTGATGC,64735.5,Seawater,Seawater,,PN_Minor,2016_Summer,NA,,,,,NA,NA
SUH340,MX_0.5_km_SU_16_Water_3,,,Venomic_2,18S,GAACACTTCTG,141570.5,Seawater,Seawater,,PN_Minor,2016_Summer,NA,,,,,NA,NA
SUH423,MX_0.5_km_SU_17_Water_1,,,Venomic_2,16S_V4,GATATCGATCA,46925,Seawater,Seawater,,PN_Minor,2016_Summer,NA,,,,,NA,NA
SUH335,MX_0.5_km_SU_17_Water_1,,,Venomic_2,18S,TGAATAGTCCG,3804,Seawater,Seawater,,PN_Minor,2016_Summer,NA,,,,,NA,NA
SUH424,MX_0.5_km_SU_17_Water_2,,,Venomic_2,16S_V4,CTGTCATGAGT,58229,Seawater,Seawater,,PN_Minor,2016_Summer,NA,,,,,NA,NA
SUH336,MX_0.5_km_SU_17_Water_2,,,Venomic_2,18S,TTAGCGTCACG,97200.5,Seawater,Seawater,,PN_Minor,2016_Summer,NA,,,,,NA,NA
SUH435,MX_0.5_km_WI_16_1_Water_1,,,Venomic_2,16S_V4,CGAGACTAGAG,63457.5,Seawater,Seawater,,PN_Minor,2016_Winter_Day1,NA,,,,,NA,NA
SUH347,MX_0.5_km_WI_16_1_Water_1,,,Venomic_2,18S,TGGCACCGATT,66568.5,Seawater,Seawater,,PN_Minor,2016_Winter_Day1,NA,,,,,NA,NA
SUH436,MX_0.5_km_WI_16_1_Water_2,,,Venomic_2,16S_V4,TCTAGCGATGC,89126.5,Seawater,Seawater,,PN_Minor,2016_Winter_Day1,NA,,,,,NA,NA
SUH348,MX_0.5_km_WI_16_1_Water_2,,,Venomic_2,18S,TACCGCTAGTA,49007.5,Seawater,Seawater,,PN_Minor,2016_Winter_Day1,NA,,,,,NA,NA
SUH437,MX_0.5_km_WI_16_1_Water_3,,,Venomic_2,16S_V4,ATCAGTGTCAC,80189.5,Seawater,Seawater,,PN_Minor,2016_Winter_Day1,NA,,,,,NA,NA
SUH349,MX_0.5_km_WI_16_1_Water_3,,,Venomic_2,18S,TGGCTCTACAG,104840.5,Seawater,Seawater,,PN_Minor,2016_Winter_Day1,NA,,,,,NA,NA
SUH438,MX_0.5_km_WI_16_2_Water_1,,,Venomic_2,16S_V4,ACGTCGACTGA,35601.5,Seawater,Seawater,,PN_Minor,2016_Winter_Day2,NA,,,,,NA,NA
SUH350,MX_0.5_km_WI_16_2_Water_1,,,Venomic_2,18S,ATGGCAGCTCT,150231.5,Seawater,Seawater,,PN_Minor,2016_Winter_Day2,NA,,,,,NA,NA
SUH439,MX_0.5_km_WI_16_2_Water_2,,,Venomic_2,16S_V4,ACGTGTGAGCA,72252.5,Seawater,Seawater,,PN_Minor,2016_Winter_Day2,NA,,,,,NA,NA
SUH351,MX_0.5_km_WI_16_2_Water_2,,,Venomic_2,18S,GATACGTCCTG,204862.5,Seawater,Seawater,,PN_Minor,2016_Winter_Day2,NA,,,,,NA,NA
SUH440,MX_0.5_km_WI_16_2_Water_3,,,Venomic_2,16S_V4,ATCTCAGCAGT,71896.5,Seawater,Seawater,,PN_Minor,2016_Winter_Day2,NA,,,,,NA,NA
SUH352,MX_0.5_km_WI_16_2_Water_3,,,Venomic_2,18S,CATGAGTGCTA,135329.5,Seawater,Seawater,,PN_Minor,2016_Winter_Day2,NA,,,,,NA,NA
SUH243,MX_1_5_km_SU_17_Gland_2,Yes,No,Venomic_1,16S_V4,ACGTAGTATCT,20681,Venom,Venom,,PN_Major,2017_Summer,NA,,,,PN_Major,32.25,-116.94
SUH151,MX_1_5_km_SU_17_Gland_2,Yes,No,Venomic_1,18S,GAAGTCTCGCA,158516,Venom,Venom,,PN_Major,2017_Summer,NA,,,,PN_Major,32.25,-116.94
SUH244,MX_1_5_km_SU_17_Gland_3,Yes,No,Venomic_1,16S_V4,TCTACGAGATG,75143.5,Venom,Venom,,PN_Major,2017_Summer,NA,,,,PN_Major,32.25,-116.94
SUH152,MX_1_5_km_SU_17_Gland_3,Yes,No,Venomic_1,18S,GCACGTTCTAA,190509,Venom,Venom,,PN_Major,2017_Summer,NA,,,,PN_Major,32.25,-116.94
SUH245,MX_1_5_km_SU_17_Gland_4,Yes,No,Venomic_1,16S_V4,CATCACTGTAG,30368,Venom,Venom,,PN_Major,2017_Summer,NA,,,,PN_Major,32.25,-116.94
SUH153,MX_1_5_km_SU_17_Gland_4,Yes,No,Venomic_1,18S,CAGTGATCCTA,31848,Venom,Venom,,PN_Major,2017_Summer,NA,,,,PN_Major,32.25,-116.94
SUH246,MX_1_5_km_SU_17_Gland_5,Yes,No,Venomic_1,16S_V4,CGATGAGCGTC,54815.5,Venom,Venom,,PN_Major,2017_Summer,NA,,,,PN_Major,32.25,-116.94
SUH154,MX_1_5_km_SU_17_Gland_5,Yes,No,Venomic_1,18S,TAGAGCCGTTA,109656,Venom,Venom,,PN_Major,2017_Summer,NA,,,,PN_Major,32.25,-116.94
SUH432,MX_1.5_km_SU_17_Water_1,,,Venomic_2,16S_V4,ATCATGTCAGT,62791.5,Seawater,Seawater,,PN_Major,2017_Summer,NA,,,,,NA,NA
SUH344,MX_1.5_km_SU_17_Water_1,,,Venomic_2,18S,GACTTATAGGC,72071.5,Seawater,Seawater,,PN_Major,2017_Summer,NA,,,,,NA,NA
SUH433,MX_1.5_km_SU_17_Water_2,,,Venomic_2,16S_V4,GACTAGTGCTG,108130.5,Seawater,Seawater,,PN_Major,2017_Summer,NA,,,,,NA,NA
SUH345,MX_1.5_km_SU_17_Water_2,,,Venomic_2,18S,TTAACGGCTGA,114708.5,Seawater,Seawater,,PN_Major,2017_Summer,NA,,,,,NA,NA
SUH434,MX_1.5_km_SU_17_Water_3,,,Venomic_2,16S_V4,GATATGACGCG,92709.5,Seawater,Seawater,,PN_Major,2017_Summer,NA,,,,,NA,NA
SUH346,MX_1.5_km_SU_17_Water_3,,,Venomic_2,18S,TAGGCCGACTT,86374.5,Seawater,Seawater,,PN_Major,2017_Summer,NA,,,,,NA,NA
SUH302,San_Diego_SU_17_Gland_1,Yes,No,Venomic_1,16S_V4,ATAGAGCTCAG,20242.5,Venom,Venom,Venom_NaturalControl,SD,2017_Summer,NA,Venom_NaturalControl,Venom_NaturalControl,Venom_NaturalControl,SD,32.76,-117.25
SUH210,San_Diego_SU_17_Gland_1,Yes,No,Venomic_1,18S,AGGCATCTTAC,14813,Venom,Venom,Venom_NaturalControl,SD,2017_Summer,NA,Venom_NaturalControl,Venom_NaturalControl,Venom_NaturalControl,SD,32.76,-117.25
SUH303,San_Diego_SU_17_Gland_2,Yes,No,Venomic_1,16S_V4,ACATGTGTCGC,35651,Venom,Venom,Venom_NaturalControl,SD,2017_Summer,NA,Venom_NaturalControl,Venom_NaturalControl,Venom_NaturalControl,SD,32.76,-117.25
SUH211,San_Diego_SU_17_Gland_2,Yes,No,Venomic_1,18S,GGTATGACTCA,344397,Venom,Venom,Venom_NaturalControl,SD,2017_Summer,NA,Venom_NaturalControl,Venom_NaturalControl,Venom_NaturalControl,SD,32.76,-117.25
SUH304,San_Diego_SU_17_Gland_3,Yes,No,Venomic_1,16S_V4,GAGTAGATCAC,12806,Venom,Venom,Venom_NaturalControl,SD,2017_Summer,NA,Venom_NaturalControl,Venom_NaturalControl,Venom_NaturalControl,SD,32.76,-117.25
SUH212,San_Diego_SU_17_Gland_3,Yes,No,Venomic_1,18S,GTTACCTCAGA,88841,Venom,Venom,Venom_NaturalControl,SD,2017_Summer,NA,Venom_NaturalControl,Venom_NaturalControl,Venom_NaturalControl,SD,32.76,-117.25
SUH305,San_Diego_SU_17_Gland_4,Yes,No,Venomic_1,16S_V4,ACTCTATGCGA,17735,Venom,Venom,Venom_NaturalControl,SD,2017_Summer,NA,Venom_NaturalControl,Venom_NaturalControl,Venom_NaturalControl,SD,32.76,-117.25
SUH213,San_Diego_SU_17_Gland_4,Yes,No,Venomic_1,18S,TCGCATGAAGT,9745.5,Venom,Venom,Venom_NaturalControl,SD,2017_Summer,NA,Venom_NaturalControl,Venom_NaturalControl,Venom_NaturalControl,SD,32.76,-117.25
SUH306,San_Diego_SU_17_Gland_5,Yes,No,Venomic_1,16S_V4,GCTGATATACA,22730,Venom,Venom,Venom_NaturalControl,SD,2017_Summer,NA,Venom_NaturalControl,Venom_NaturalControl,Venom_NaturalControl,SD,32.76,-117.25
SUH214,San_Diego_SU_17_Gland_5,Yes,No,Venomic_1,18S,GAGTTCCATAG,18686,Venom,Venom,Venom_NaturalControl,SD,2017_Summer,NA,Venom_NaturalControl,Venom_NaturalControl,Venom_NaturalControl,SD,32.76,-117.25
SUH282,SD_Sum_17_WT_Bulb_1,Yes,Yes,Venomic_1,16S_V4,TGACAGCTGCA,3222,,,,,,1,Venom_Bulb,Venom_Bulb,,,NA,NA
SUH190,SD_Sum_17_WT_Bulb_1,Yes,Yes,Venomic_1,18S,GCCTTAAGCGA,2374,,,,,,1,Venom_Bulb,Venom_Bulb,,,NA,NA
SUH283,SD_Sum_17_WT_Bulb_2,Yes,Yes,Venomic_1,16S_V4,ATCATGTCAGT,10264.5,,,,,,2,Venom_Bulb,Venom_Bulb,,,NA,NA
SUH191,SD_Sum_17_WT_Bulb_2,Yes,Yes,Venomic_1,18S,GACTTATAGGC,7877,,,,,,2,Venom_Bulb,Venom_Bulb,,,NA,NA
SUH284,SD_Sum_17_WT_Bulb_3,Yes,Yes,Venomic_1,16S_V4,GACTAGTGCTG,14436,,,,,,3,Venom_Bulb,Venom_Bulb,,,NA,NA
SUH192,SD_Sum_17_WT_Bulb_3,Yes,Yes,Venomic_1,18S,TTAACGGCTGA,1161.5,,,,,,3,Venom_Bulb,Venom_Bulb,,,NA,NA
SUH285,SD_Sum_17_WT_Bulb_4,Yes,Yes,Venomic_1,16S_V4,GATATGACGCG,13432,,,,,,4,Venom_Bulb,Venom_Bulb,,,NA,NA
SUH193,SD_Sum_17_WT_Bulb_4,Yes,Yes,Venomic_1,18S,TAGGCCGACTT,3398,,,,,,4,Venom_Bulb,Venom_Bulb,,,NA,NA
SUH286,SD_Sum_17_WT_Bulb_5,Yes,Yes,Venomic_1,16S_V4,CGAGACTAGAG,8166,,,,,,5,Venom_Bulb,Venom_Bulb,,,NA,NA
SUH194,SD_Sum_17_WT_Bulb_5,Yes,Yes,Venomic_1,18S,TGGCACCGATT,4220,,,,,,5,Venom_Bulb,Venom_Bulb,,,NA,NA
SUH287,SD_Sum_17_WT_Distal_Duct_1,Yes,Yes,Venomic_1,16S_V4,TGACACTGCTG,23823,,,,,,1,Venom_Distal,Venom_Distal,,,NA,NA
SUH195,SD_Sum_17_WT_Distal_Duct_1,Yes,Yes,Venomic_1,18S,ACGCTATCTGG,1782,,,,,,1,Venom_Distal,Venom_Distal,,,NA,NA
SUH288,SD_Sum_17_WT_Distal_Duct_2,Yes,Yes,Venomic_1,16S_V4,CTAGCTCAGCG,9092,,,,,,2,Venom_Distal,Venom_Distal,,,NA,NA
SUH196,SD_Sum_17_WT_Distal_Duct_2,Yes,Yes,Venomic_1,18S,CTTCTAAGGAG,24005,,,,,,2,Venom_Distal,Venom_Distal,,,NA,NA
SUH289,SD_Sum_17_WT_Distal_Duct_3,Yes,Yes,Venomic_1,16S_V4,GCATATCAGAG,9340,,,,,,3,Venom_Distal,Venom_Distal,,,NA,NA
SUH197,SD_Sum_17_WT_Distal_Duct_3,Yes,Yes,Venomic_1,18S,ATTCATGGACG,14082,,,,,,3,Venom_Distal,Venom_Distal,,,NA,NA
SUH291,SD_Sum_17_WT_Distal_Duct_5,Yes,Yes,Venomic_1,16S_V4,GATGCAGTCAC,3972.5,,,,,,5,Venom_Distal,Venom_Distal,,,NA,NA
SUH199,SD_Sum_17_WT_Distal_Duct_5,Yes,Yes,Venomic_1,18S,GCCGCTTAATA,1901,,,,,,5,Venom_Distal,Venom_Distal,,,NA,NA
SUH292,SD_Sum_17_WT_Gland_1,Yes,Yes,Venomic_1,16S_V4,TATCGCACTAG,3519,Venom,Venom,Venom_WT,,,1,Venom_WT,Venom_WT,Venom_WT,SD,32.76,-117.25
SUH200,SD_Sum_17_WT_Gland_1,Yes,Yes,Venomic_1,18S,TTGTCGCACAA,2231,Venom,Venom,Venom_WT,,,1,Venom_WT,Venom_WT,Venom_WT,SD,32.76,-117.25
SUH293,SD_Sum_17_WT_Gland_2,Yes,Yes,Venomic_1,16S_V4,CGATATCGATC,10569,Venom,Venom,Venom_WT,,,2,Venom_WT,Venom_WT,Venom_WT,SD,32.76,-117.25
SUH201,SD_Sum_17_WT_Gland_2,Yes,Yes,Venomic_1,18S,AACTGTGCGTA,3102,Venom,Venom,Venom_WT,,,2,Venom_WT,Venom_WT,Venom_WT,SD,32.76,-117.25
SUH294,SD_Sum_17_WT_Gland_3,Yes,Yes,Venomic_1,16S_V4,CAGATGCGAGC,4143,Venom,Venom,Venom_WT,,,3,Venom_WT,Venom_WT,Venom_WT,SD,32.76,-117.25
SUH202,SD_Sum_17_WT_Gland_3,Yes,Yes,Venomic_1,18S,TGCGAACGTAT,25429,Venom,Venom,Venom_WT,,,3,Venom_WT,Venom_WT,Venom_WT,SD,32.76,-117.25
SUH295,SD_Sum_17_WT_Gland_4,Yes,Yes,Venomic_1,16S_V4,GCTCTAGAGTA,2777,Venom,Venom,Venom_WT,,,4,Venom_WT,Venom_WT,Venom_WT,SD,32.76,-117.25
SUH203,SD_Sum_17_WT_Gland_4,Yes,Yes,Venomic_1,18S,CATCAGCGTGT,46515,Venom,Venom,Venom_WT,,,4,Venom_WT,Venom_WT,Venom_WT,SD,32.76,-117.25
SUH296,SD_Sum_17_WT_Gland_5,Yes,Yes,Venomic_1,16S_V4,AGCGATGCTCA,3240.5,Venom,Venom,Venom_WT,,,5,Venom_WT,Venom_WT,Venom_WT,SD,32.76,-117.25
SUH204,SD_Sum_17_WT_Gland_5,Yes,Yes,Venomic_1,18S,TTCAACAGGTG,2337,Venom,Venom,Venom_WT,,,5,Venom_WT,Venom_WT,Venom_WT,SD,32.76,-117.25
SUH297,SD_Sum_17_WT_Proximal_Duct_1,Yes,Yes,Venomic_1,16S_V4,TCTAGCGATGC,5686,,,,,,1,Venom_Proximal,Venom_Proximal,,,NA,NA
SUH205,SD_Sum_17_WT_Proximal_Duct_1,Yes,Yes,Venomic_1,18S,TACCGCTAGTA,7789,,,,,,1,Venom_Proximal,Venom_Proximal,,,NA,NA
SUH298,SD_Sum_17_WT_Proximal_Duct_2,Yes,Yes,Venomic_1,16S_V4,ATCAGTGTCAC,6873.5,,,,,,2,Venom_Proximal,Venom_Proximal,,,NA,NA
SUH206,SD_Sum_17_WT_Proximal_Duct_2,Yes,Yes,Venomic_1,18S,TGGCTCTACAG,8494,,,,,,2,Venom_Proximal,Venom_Proximal,,,NA,NA
SUH299,SD_Sum_17_WT_Proximal_Duct_3,Yes,Yes,Venomic_1,16S_V4,ACGTCGACTGA,9670,,,,,,3,Venom_Proximal,Venom_Proximal,,,NA,NA
SUH207,SD_Sum_17_WT_Proximal_Duct_3,Yes,Yes,Venomic_1,18S,ATGGCAGCTCT,5931,,,,,,3,Venom_Proximal,Venom_Proximal,,,NA,NA
SUH300,SD_Sum_17_WT_Proximal_Duct_4,Yes,Yes,Venomic_1,16S_V4,ACGTGTGAGCA,5849,,,,,,4,Venom_Proximal,Venom_Proximal,,,NA,NA
SUH208,SD_Sum_17_WT_Proximal_Duct_4,Yes,Yes,Venomic_1,18S,GATACGTCCTG,13818,,,,,,4,Venom_Proximal,Venom_Proximal,,,NA,NA
SUH301,SD_Sum_17_WT_Proximal_Duct_5,Yes,Yes,Venomic_1,16S_V4,ATCTCAGCAGT,4267.5,,,,,,5,Venom_Proximal,Venom_Proximal,,,NA,NA
SUH209,SD_Sum_17_WT_Proximal_Duct_5,Yes,Yes,Venomic_1,18S,CATGAGTGCTA,2896,,,,,,5,Venom_Proximal,Venom_Proximal,,,NA,NA
SUH400,SD_Sum_17_WT_Water_1,,,Venomic_2,16S_V4,AGCGATGCTCA,94284,Control_Seawater1,Seawater,Seawater_WT,SD,2017_Summer,NA,Seawater_WT,Seawater_WT,Seawater_WT,,NA,NA
SUH312,SD_Sum_17_WT_Water_1,,,Venomic_2,18S,TTCAACAGGTG,157143.5,Control_Seawater1,Seawater,Seawater_WT,SD,2017_Summer,NA,Seawater_WT,Seawater_WT,Seawater_WT,,NA,NA
SUH401,SD_Sum_17_WT_Water_2,,,Venomic_2,16S_V4,AGATCGCTGTG,78460,Seawater,Seawater,Seawater_WT,SD,2017_Summer,NA,Seawater_WT,Seawater_WT,Seawater_WT,,NA,NA
SUH313,SD_Sum_17_WT_Water_2,,,Venomic_2,18S,AGCGTGTCCAA,133295.5,Seawater,Seawater,Seawater_WT,SD,2017_Summer,NA,Seawater_WT,Seawater_WT,Seawater_WT,,NA,NA